,date,cases,deaths,cases_dif,deaths_dif
0,2020-01-21,1,0,,
1,2020-01-22,1,0,0.0,0.0
2,2020-01-23,1,0,0.0,0.0
3,2020-01-24,2,0,1.0,0.0
4,2020-01-25,3,0,1.0,0.0
5,2020-01-26,5,0,2.0,0.0
6,2020-01-27,5,0,0.0,0.0
7,2020-01-28,5,0,0.0,0.0
8,2020-01-29,5,0,0.0,0.0
9,2020-01-30,6,0,1.0,0.0
10,2020-01-31,7,0,1.0,0.0
11,2020-02-01,8,0,1.0,0.0
12,2020-02-02,11,0,3.0,0.0
13,2020-02-03,11,0,0.0,0.0
14,2020-02-04,11,0,0.0,0.0
15,2020-02-05,12,0,1.0,0.0
16,2020-02-06,12,0,0.0,0.0
17,2020-02-07,12,0,0.0,0.0
18,2020-02-08,12,0,0.0,0.0
19,2020-02-09,12,0,0.0,0.0
20,2020-02-10,13,0,1.0,0.0
21,2020-02-11,13,0,0.0,0.0
22,2020-02-12,14,0,1.0,0.0
23,2020-02-13,15,0,1.0,0.0
24,2020-02-14,15,0,0.0,0.0
25,2020-02-15,15,0,0.0,0.0
26,2020-02-16,15,0,0.0,0.0
27,2020-02-17,25,0,10.0,0.0
28,2020-02-18,25,0,0.0,0.0
29,2020-02-19,25,0,0.0,0.0
30,2020-02-20,27,0,2.0,0.0
31,2020-02-21,30,0,3.0,0.0
32,2020-02-22,30,0,0.0,0.0
33,2020-02-23,30,0,0.0,0.0
34,2020-02-24,43,0,13.0,0.0
35,2020-02-25,45,0,2.0,0.0
36,2020-02-26,60,0,15.0,0.0
37,2020-02-27,60,0,0.0,0.0
38,2020-02-28,65,0,5.0,0.0
39,2020-02-29,70,1,5.0,1.0
40,2020-03-01,88,3,18.0,2.0
41,2020-03-02,104,6,16.0,3.0
42,2020-03-03,125,10,21.0,4.0
43,2020-03-04,161,12,36.0,2.0
44,2020-03-05,228,12,67.0,0.0
45,2020-03-06,311,15,83.0,3.0
46,2020-03-07,428,19,117.0,4.0
47,2020-03-08,547,22,119.0,3.0
48,2020-03-09,748,26,201.0,4.0
49,2020-03-10,1018,31,270.0,5.0
50,2020-03-11,1263,37,245.0,6.0
51,2020-03-12,1668,43,405.0,6.0
52,2020-03-13,2224,50,556.0,7.0
53,2020-03-14,2898,60,674.0,10.0
54,2020-03-15,3600,68,702.0,8.0
55,2020-03-16,4507,91,907.0,23.0
56,2020-03-17,5906,117,1399.0,26.0
57,2020-03-18,8350,162,2444.0,45.0
58,2020-03-19,12393,212,4043.0,50.0
59,2020-03-20,18012,277,5619.0,65.0
60,2020-03-21,24528,360,6516.0,83.0
61,2020-03-22,33073,458,8545.0,98.0
62,2020-03-23,43505,579,10432.0,121.0
63,2020-03-24,53938,785,10433.0,206.0
64,2020-03-25,68572,1054,14634.0,269.0
65,2020-03-26,85570,1353,16998.0,299.0
66,2020-03-27,102900,1770,17330.0,417.0
67,2020-03-28,123966,2300,21066.0,530.0
68,2020-03-29,142486,2718,18520.0,418.0
69,2020-03-30,163955,3368,21469.0,650.0
70,2020-03-31,188461,4304,24506.0,936.0
71,2020-04-01,215391,5325,26930.0,1021.0
72,2020-04-02,245108,6541,29717.0,1216.0
73,2020-04-03,277426,7932,32318.0,1391.0
74,2020-04-04,312525,9488,35099.0,1556.0
75,2020-04-05,338141,10856,25616.0,1368.0
76,2020-04-06,369057,12382,30916.0,1526.0
77,2020-04-07,399394,14616,30337.0,2234.0
78,2020-04-08,431214,16701,31820.0,2085.0
79,2020-04-09,465913,18821,34699.0,2120.0
80,2020-04-10,499386,21084,33473.0,2263.0
81,2020-04-11,531106,23168,31720.0,2084.0
82,2020-04-12,558249,24849,27143.0,1681.0
83,2020-04-13,584018,26613,25769.0,1764.0
84,2020-04-14,610709,29318,26691.0,2705.0
85,2020-04-15,640742,32070,30033.0,2752.0
86,2020-04-16,672355,34419,31613.0,2349.0
87,2020-04-17,703864,36708,31509.0,2289.0
88,2020-04-18,732262,38659,28398.0,1951.0
89,2020-04-19,757596,40179,25334.0,1520.0
90,2020-04-20,784991,42016,27395.0,1837.0
91,2020-04-21,810505,44688,25514.0,2672.0
92,2020-04-22,839336,47059,28831.0,2371.0
93,2020-04-23,873112,49228,33776.0,2169.0
94,2020-04-24,909853,51360,36741.0,2132.0
95,2020-04-25,944261,53327,34408.0,1967.0
96,2020-04-26,970996,54580,26735.0,1253.0
97,2020-04-27,994193,56022,23197.0,1442.0
98,2020-04-28,1018844,58416,24651.0,2394.0
99,2020-04-29,1045399,60930,26555.0,2514.0
100,2020-04-30,1075756,63140,30357.0,2210.0
101,2020-05-01,1109726,64902,33970.0,1762.0
102,2020-05-02,1139200,66485,29474.0,1583.0
103,2020-05-03,1165340,67816,26140.0,1331.0
104,2020-05-04,1187302,68905,21962.0,1089.0
105,2020-05-05,1211011,71139,23709.0,2234.0
106,2020-05-06,1235517,73847,24506.0,2708.0
107,2020-05-07,1263995,75805,28478.0,1958.0
108,2020-05-08,1291643,77380,27648.0,1575.0
109,2020-05-09,1316511,78834,24868.0,1454.0
110,2020-05-10,1336828,79766,20317.0,932.0
111,2020-05-11,1354449,80748,17621.0,982.0
112,2020-05-12,1376749,82400,22300.0,1652.0
113,2020-05-13,1397894,84168,21145.0,1768.0
114,2020-05-14,1424856,85906,26962.0,1738.0
115,2020-05-15,1451093,87499,26237.0,1593.0
116,2020-05-16,1474752,88724,23659.0,1225.0
117,2020-05-17,1493766,89568,19014.0,844.0
118,2020-05-18,1515593,90414,21827.0,846.0
119,2020-05-19,1536570,91934,20977.0,1520.0
120,2020-05-20,1559640,93411,23070.0,1477.0
121,2020-05-21,1585373,94722,25733.0,1311.0
122,2020-05-22,1609172,96010,23799.0,1288.0
123,2020-05-23,1631440,97060,22268.0,1050.0
124,2020-05-24,1651471,97680,20031.0,620.0
125,2020-05-25,1670571,98190,19100.0,510.0
126,2020-05-26,1689467,98937,18896.0,747.0
127,2020-05-27,1708211,100422,18744.0,1485.0
128,2020-05-28,1730723,101622,22512.0,1200.0
129,2020-05-29,1755271,102812,24548.0,1190.0
130,2020-05-30,1778668,103775,23397.0,963.0
131,2020-05-31,1799302,104379,20634.0,604.0
132,2020-06-01,1821199,105113,21897.0,734.0
133,2020-06-02,1841990,106195,20791.0,1082.0
134,2020-06-03,1861977,107184,19987.0,989.0
135,2020-06-04,1883593,108192,21616.0,1008.0
136,2020-06-05,1912302,109304,28709.0,1112.0
137,2020-06-06,1934818,110032,22516.0,728.0
138,2020-06-07,1953434,110422,18616.0,390.0
139,2020-06-08,1971641,111144,18207.0,722.0
140,2020-06-09,1990446,112174,18805.0,1030.0
141,2020-06-10,2013298,113103,22852.0,929.0
142,2020-06-11,2036500,113980,23202.0,877.0
143,2020-06-12,2061993,114759,25493.0,779.0
144,2020-06-13,2087327,115451,25334.0,692.0
145,2020-06-14,2106457,115768,19130.0,317.0
146,2020-06-15,2126574,116216,20117.0,448.0
147,2020-06-16,2151459,116985,24885.0,769.0
148,2020-06-17,2177114,117746,25655.0,761.0
149,2020-06-18,2205173,118473,28059.0,727.0
150,2020-06-19,2236009,119171,30836.0,698.0
151,2020-06-20,2268034,119717,32025.0,546.0
152,2020-06-21,2294413,119974,26379.0,257.0
153,2020-06-22,2324879,120334,30466.0,360.0
154,2020-06-23,2359939,121167,35060.0,833.0
155,2020-06-24,2396928,121934,36989.0,767.0
156,2020-06-25,2438101,124400,41173.0,2466.0
157,2020-06-26,2483629,125033,45528.0,633.0
158,2020-06-27,2525928,125544,42299.0,511.0
159,2020-06-28,2565436,125815,39508.0,271.0
160,2020-06-29,2604932,126162,39496.0,347.0
161,2020-06-30,2653321,127462,48389.0,1300.0
162,2020-07-01,2703296,128104,49975.0,642.0
163,2020-07-02,2758855,128827,55559.0,723.0
164,2020-07-03,2816009,129418,57154.0,591.0
165,2020-07-04,2866015,129679,50006.0,261.0
166,2020-07-05,2910782,129941,44767.0,262.0
167,2020-07-06,2958098,130332,47316.0,391.0
168,2020-07-07,3012182,131290,54084.0,958.0
169,2020-07-08,3071637,132238,59455.0,948.0
170,2020-07-09,3131526,133079,59889.0,841.0
171,2020-07-10,3199753,133907,68227.0,828.0
172,2020-07-11,3260474,134582,60721.0,675.0
173,2020-07-12,3318279,134977,57805.0,395.0
174,2020-07-13,3379846,135402,61567.0,425.0
175,2020-07-14,3445448,136356,65602.0,954.0
176,2020-07-15,3513790,137327,68342.0,971.0
177,2020-07-16,3589477,138285,75687.0,958.0
178,2020-07-17,3660400,139186,70923.0,901.0
179,2020-07-18,3722851,139961,62451.0,775.0
180,2020-07-19,3785126,140373,62275.0,412.0
181,2020-07-20,3845014,140904,59888.0,531.0
182,2020-07-21,3910291,142031,65277.0,1127.0
183,2020-07-22,3980030,143167,69739.0,1136.0
184,2020-07-23,4050036,144283,70006.0,1116.0
185,2020-07-24,4123561,145429,73525.0,1146.0
186,2020-07-25,4190337,146313,66776.0,884.0
187,2020-07-26,4244554,146753,54217.0,440.0
188,2020-07-27,4303735,148449,59181.0,1696.0
189,2020-07-28,4366851,149776,63116.0,1327.0
190,2020-07-29,4433633,151172,66782.0,1396.0
191,2020-07-30,4502581,152433,68948.0,1261.0
192,2020-07-31,4571669,153862,69088.0,1429.0
193,2020-08-01,4628497,154917,56828.0,1055.0
194,2020-08-02,4679291,155337,50794.0,420.0
195,2020-08-03,4726775,155945,47484.0,608.0
196,2020-08-04,4780324,157301,53549.0,1356.0
197,2020-08-05,4834047,158554,53723.0,1253.0
198,2020-08-06,4891561,159625,57514.0,1071.0
199,2020-08-07,4952718,160981,61157.0,1356.0
200,2020-08-08,5007958,161947,55240.0,966.0
201,2020-08-09,5056438,162486,48480.0,539.0
202,2020-08-10,5103611,163023,47173.0,537.0
203,2020-08-11,5156968,164474,53357.0,1451.0
204,2020-08-12,5211246,165952,54278.0,1478.0
205,2020-08-13,5265307,167165,54061.0,1213.0
206,2020-08-14,5324784,168341,59477.0,1176.0
207,2020-08-15,5375527,169400,50743.0,1059.0
208,2020-08-16,5417664,169914,42137.0,514.0
209,2020-08-17,5455187,170449,37523.0,535.0
210,2020-08-18,5498420,171798,43233.0,1349.0
211,2020-08-19,5541433,173093,43013.0,1295.0
212,2020-08-20,5587462,174136,46029.0,1043.0
213,2020-08-21,5636491,175297,49029.0,1161.0
214,2020-08-22,5681517,176247,45026.0,950.0
215,2020-08-23,5713850,176693,32333.0,446.0
216,2020-08-24,5754254,177197,40404.0,504.0
217,2020-08-25,5793437,178410,39183.0,1213.0
218,2020-08-26,5838756,179603,45319.0,1193.0
219,2020-08-27,5884368,180729,45612.0,1126.0
220,2020-08-28,5930932,181739,46564.0,1010.0
221,2020-08-29,5975541,182610,44609.0,871.0
222,2020-08-30,6008970,182984,33429.0,374.0
223,2020-08-31,6045457,183472,36487.0,488.0
224,2020-09-01,6089506,184563,44049.0,1091.0
225,2020-09-02,6121950,185639,32444.0,1076.0
226,2020-09-03,6168347,186717,46397.0,1078.0
227,2020-09-04,6220448,187697,52101.0,980.0
228,2020-09-05,6262701,188409,42253.0,712.0
229,2020-09-06,6292699,188820,29998.0,411.0
230,2020-09-07,6317865,189083,25166.0,263.0
231,2020-09-08,6346807,189541,28942.0,458.0
232,2020-09-09,6380139,190716,33332.0,1175.0
233,2020-09-10,6418200,191631,38061.0,915.0
234,2020-09-11,6465767,192858,47567.0,1227.0
235,2020-09-12,6504871,193559,39104.0,701.0
236,2020-09-13,6538214,193958,33343.0,399.0
237,2020-09-14,6575101,194408,36887.0,450.0
238,2020-09-15,6614318,195689,39217.0,1281.0
239,2020-09-16,6653586,196686,39268.0,997.0
240,2020-09-17,6698896,197535,45310.0,849.0
241,2020-09-18,6747783,198484,48887.0,949.0
242,2020-09-19,6789594,199154,41811.0,670.0
243,2020-09-20,6825950,199367,36356.0,213.0
244,2020-09-21,6880902,199797,54952.0,430.0
245,2020-09-22,6918293,200738,37391.0,941.0
246,2020-09-23,6959842,201828,41549.0,1090.0
247,2020-09-24,7005046,202713,45204.0,885.0
248,2020-09-25,7059627,203566,54581.0,853.0
249,2020-09-26,7102322,204335,42695.0,769.0
250,2020-09-27,7139620,204602,37298.0,267.0
251,2020-09-28,7176980,204952,37360.0,350.0
252,2020-09-29,7220677,205878,43697.0,926.0
253,2020-09-30,7262735,206852,42058.0,974.0
254,2020-10-01,7309153,207699,46418.0,847.0
255,2020-10-02,7362733,208564,53580.0,865.0
256,2020-10-03,7410512,209273,47779.0,709.0
257,2020-10-04,7445575,209606,35063.0,333.0
258,2020-10-05,7507988,210035,62413.0,429.0
259,2020-10-06,7550850,210756,42862.0,721.0
260,2020-10-07,7603867,211752,53017.0,996.0
261,2020-10-08,7660249,212680,56382.0,928.0
262,2020-10-09,7719211,213595,58962.0,915.0
263,2020-10-10,7770859,214187,51648.0,592.0
264,2020-10-11,7815642,214606,44783.0,419.0
265,2020-10-12,7863658,214957,48016.0,351.0
266,2020-10-13,7918051,215783,54393.0,826.0
267,2020-10-14,7977904,216792,59853.0,1009.0
268,2020-10-15,8043257,217585,65353.0,793.0
269,2020-10-16,8113721,218476,70464.0,891.0
270,2020-10-17,8166482,219154,52761.0,678.0
271,2020-10-18,8214364,219541,47882.0,387.0
272,2020-10-19,8279804,220058,65440.0,517.0
273,2020-10-20,8340398,220987,60594.0,929.0
274,2020-10-21,8404635,222195,64237.0,1208.0
275,2020-10-22,8479765,223023,75130.0,828.0
276,2020-10-23,8565062,223953,85297.0,930.0
277,2020-10-24,8643641,224825,78579.0,872.0
278,2020-10-25,8703356,225164,59715.0,339.0
279,2020-10-26,8777994,225701,74638.0,537.0
280,2020-10-27,8852381,226684,74387.0,983.0
281,2020-10-28,8934263,227702,81882.0,1018.0
282,2020-10-29,9024932,228706,90669.0,1004.0
283,2020-10-30,9124800,229674,99868.0,968.0
284,2020-10-31,9209007,230512,84207.0,838.0
285,2020-11-01,9283202,230940,74195.0,428.0
286,2020-11-02,9377208,231480,94006.0,540.0
287,2020-11-03,9469624,232610,92416.0,1130.0
288,2020-11-04,9577702,234226,108078.0,1616.0
289,2020-11-05,9699051,235334,121349.0,1108.0
290,2020-11-06,9831874,236582,132823.0,1248.0
291,2020-11-07,9957805,237589,125931.0,1007.0
292,2020-11-08,10061218,238053,103413.0,464.0
293,2020-11-09,10191667,238798,130449.0,745.0
294,2020-11-10,10331417,240262,139750.0,1464.0
295,2020-11-11,10474295,241693,142878.0,1431.0
296,2020-11-12,10637946,242865,163651.0,1172.0
297,2020-11-13,10819442,244255,181496.0,1390.0
298,2020-11-14,10978475,245465,159033.0,1210.0
299,2020-11-15,11113661,246088,135186.0,623.0
300,2020-11-16,11280224,246884,166563.0,796.0
301,2020-11-17,11441855,248491,161631.0,1607.0
302,2020-11-18,11614135,250415,172280.0,1924.0
303,2020-11-19,11801643,252376,187508.0,1961.0
304,2020-11-20,12000502,254333,198859.0,1957.0
305,2020-11-21,12172435,255758,171933.0,1425.0
306,2020-11-22,12313229,256601,140794.0,843.0
307,2020-11-23,12492852,257639,179623.0,1038.0
308,2020-11-24,12670710,259848,177858.0,2209.0
309,2020-11-25,12851300,262161,180590.0,2313.0
310,2020-11-26,12954294,263339,102994.0,1178.0
311,2020-11-27,13160133,264751,205839.0,1412.0
312,2020-11-28,13311541,265943,151408.0,1192.0
313,2020-11-29,13447663,266761,136122.0,818.0
314,2020-11-30,13615321,268031,167658.0,1270.0
315,2020-12-01,13799549,270639,184228.0,2608.0
316,2020-12-02,14000721,273525,201172.0,2886.0
317,2020-12-03,14218459,276381,217738.0,2856.0
318,2020-12-04,14449827,279018,231368.0,2637.0
319,2020-12-05,14655535,281208,205708.0,2190.0
320,2020-12-06,14827456,282319,171921.0,1111.0
321,2020-12-07,15031979,283853,204523.0,1534.0
322,2020-12-08,15251693,286674,219714.0,2821.0
323,2020-12-09,15471409,289830,219716.0,3156.0
324,2020-12-10,15696634,292771,225225.0,2941.0
325,2020-12-11,15977147,295726,280513.0,2955.0
326,2020-12-12,16184679,297981,207532.0,2255.0
327,2020-12-13,16368898,299338,184219.0,1357.0
328,2020-12-14,16569783,301016,200885.0,1678.0
329,2020-12-15,16772936,304041,203153.0,3025.0
330,2020-12-16,17017763,307652,244827.0,3611.0
331,2020-12-17,17255472,310950,237709.0,3298.0
332,2020-12-18,17506662,313820,251190.0,2870.0
333,2020-12-19,17700567,316381,193905.0,2561.0
334,2020-12-20,17880478,317810,179911.0,1429.0
335,2020-12-21,18081996,319773,201518.0,1963.0
336,2020-12-22,18283633,323012,201637.0,3239.0
337,2020-12-23,18511396,326424,227763.0,3412.0
338,2020-12-24,18704907,329248,193511.0,2824.0
339,2020-12-25,18805838,330377,100931.0,1129.0
340,2020-12-26,19022699,332023,216861.0,1646.0
341,2020-12-27,19174788,333253,152089.0,1230.0
342,2020-12-28,19363798,335152,189010.0,1899.0
343,2020-12-29,19564828,338780,201030.0,3628.0
344,2020-12-30,19793777,342588,228949.0,3808.0
345,2020-12-31,20024801,346050,231024.0,3462.0
346,2021-01-01,20172049,347970,147248.0,1920.0
347,2021-01-02,20463659,350343,291610.0,2373.0
348,2021-01-03,20665439,351694,201780.0,1351.0
349,2021-01-04,20917269,353743,251830.0,2049.0
350,2021-01-05,21152285,357432,235016.0,3689.0
351,2021-01-06,21408251,361396,255966.0,3964.0
352,2021-01-07,21688585,365509,280334.0,4113.0
353,2021-01-08,21989362,369404,300777.0,3895.0
354,2021-01-09,22241281,372663,251919.0,3259.0
355,2021-01-10,22449576,374440,208295.0,1777.0
356,2021-01-11,22675892,376488,226316.0,2048.0
357,2021-01-12,22905869,380894,229977.0,4406.0
358,2021-01-13,23135194,384824,229325.0,3930.0
359,2021-01-14,23374716,388804,239522.0,3980.0
360,2021-01-15,23614569,392553,239853.0,3749.0
361,2021-01-16,23816762,395894,202193.0,3341.0
362,2021-01-17,23986856,397624,170094.0,1730.0
363,2021-01-18,24127989,399065,141133.0,1441.0
364,2021-01-19,24314933,401836,186944.0,2771.0
365,2021-01-20,24500421,406216,185488.0,4380.0
366,2021-01-21,24690903,410351,190482.0,4135.0
367,2021-01-22,24882468,414082,191565.0,3731.0
368,2021-01-23,25050385,417404,167917.0,3322.0
369,2021-01-24,25180061,419219,129676.0,1815.0
370,2021-01-25,25336637,421126,156576.0,1907.0
371,2021-01-26,25487275,425224,150638.0,4098.0
372,2021-01-27,25643045,429326,155770.0,4102.0
373,2021-01-28,25809220,433194,166175.0,3868.0
374,2021-01-29,25973835,436794,164615.0,3600.0
375,2021-01-30,26107635,439435,133800.0,2641.0
376,2021-01-31,26221430,441299,113795.0,1864.0
377,2021-02-01,26363284,443249,141854.0,1950.0
378,2021-02-02,26478540,446860,115256.0,3611.0
379,2021-02-03,26598723,450703,120183.0,3843.0
380,2021-02-04,26724359,455820,125636.0,5117.0
381,2021-02-05,26853860,459390,129501.0,3570.0
382,2021-02-06,26958807,462052,104947.0,2662.0
383,2021-02-07,27046088,463353,87281.0,1301.0
384,2021-02-08,27139070,464936,92982.0,1583.0
385,2021-02-09,27235460,468106,96390.0,3170.0
386,2021-02-10,27330435,471360,94975.0,3254.0
387,2021-02-11,27436075,475238,105640.0,3878.0
388,2021-02-12,27535702,480701,99627.0,5463.0
389,2021-02-13,27620354,484073,84652.0,3372.0
390,2021-02-14,27684134,485154,63780.0,1081.0
391,2021-02-15,27739406,486148,55272.0,994.0
392,2021-02-16,27803946,487855,64540.0,1707.0
393,2021-02-17,27874107,490326,70161.0,2471.0
394,2021-02-18,27945898,492951,71791.0,2625.0
395,2021-02-19,28023910,495572,78012.0,2621.0
396,2021-02-20,28093630,497403,69720.0,1831.0
397,2021-02-21,28148810,498650,55180.0,1247.0
398,2021-02-22,28208276,500104,59466.0,1454.0
399,2021-02-23,28280189,502432,71913.0,2328.0
400,2021-02-24,28354383,505642,74194.0,3210.0
401,2021-02-25,28432264,508107,77881.0,2465.0
402,2021-02-26,28510582,510283,78318.0,2176.0
403,2021-02-27,28573256,511850,62674.0,1567.0
404,2021-02-28,28624161,512979,50905.0,1129.0
405,2021-03-01,28680857,514404,56696.0,1425.0
406,2021-03-02,28738501,515710,57644.0,1306.0
407,2021-03-03,28805113,518079,66612.0,2369.0
408,2021-03-04,28872395,520028,67282.0,1949.0
409,2021-03-05,28938090,522511,65695.0,2483.0
410,2021-03-06,28994675,523970,56585.0,1459.0
411,2021-03-07,29034739,524646,40064.0,676.0
412,2021-03-08,29129252,525466,94513.0,820.0
413,2021-03-09,29185151,527351,55899.0,1885.0
414,2021-03-10,29243346,528825,58195.0,1474.0
415,2021-03-11,29305733,530349,62387.0,1524.0
416,2021-03-12,29369899,532054,64166.0,1705.0
417,2021-03-13,29419456,533928,49557.0,1874.0
418,2021-03-14,29457445,534497,37989.0,569.0
419,2021-03-15,29514609,535246,57164.0,749.0
420,2021-03-16,29569140,536491,54531.0,1245.0
421,2021-03-17,29628071,537668,58931.0,1177.0
422,2021-03-18,29688541,539226,60470.0,1558.0
423,2021-03-19,29749164,540740,60623.0,1514.0
424,2021-03-20,29803589,541512,54425.0,772.0
425,2021-03-21,29837782,541960,34193.0,448.0
426,2021-03-22,29892498,542608,54716.0,648.0
427,2021-03-23,29949244,543501,56746.0,893.0
428,2021-03-24,30029147,545091,79903.0,1590.0
429,2021-03-25,30098263,546361,69116.0,1270.0
430,2021-03-26,30172762,547621,74499.0,1260.0
431,2021-03-27,30233462,548401,60700.0,780.0
432,2021-03-28,30277977,548891,44515.0,490.0
433,2021-03-29,30348716,549576,70739.0,685.0
434,2021-03-30,30410950,550523,62234.0,947.0
435,2021-03-31,30478886,551658,67936.0,1135.0
436,2021-04-01,30556079,552615,77193.0,957.0
437,2021-04-02,30624668,553571,68589.0,956.0
438,2021-04-03,30688804,554324,64136.0,753.0
439,2021-04-04,30725627,554596,36823.0,272.0
440,2021-04-05,30802221,555126,76594.0,530.0
441,2021-04-06,30864193,556035,61972.0,909.0
442,2021-04-07,30937283,558606,73090.0,2571.0
443,2021-04-08,31017741,559608,80458.0,1002.0
444,2021-04-09,31099323,560554,81582.0,946.0
445,2021-04-10,31164081,561258,64758.0,704.0
446,2021-04-11,31212058,561559,47977.0,301.0
447,2021-04-12,31283990,562024,71932.0,465.0
448,2021-04-13,31361311,563007,77321.0,983.0
449,2021-04-14,31437061,563942,75750.0,935.0
450,2021-04-15,31510755,564859,73694.0,917.0
451,2021-04-16,31589109,565794,78354.0,935.0
452,2021-04-17,31642983,566471,53874.0,677.0
453,2021-04-18,31684382,566829,41399.0,358.0
454,2021-04-19,31754642,567314,70260.0,485.0
455,2021-04-20,31815666,568146,61024.0,832.0
456,2021-04-21,31878161,568986,62495.0,840.0
457,2021-04-22,31944402,569897,66241.0,911.0
458,2021-04-23,32008186,570770,63784.0,873.0
459,2021-04-24,32058654,571495,50468.0,725.0
460,2021-04-25,32092245,571777,33591.0,282.0
461,2021-04-26,32139580,572256,47335.0,479.0
462,2021-04-27,32191457,572969,51877.0,713.0
463,2021-04-28,32246275,573903,54818.0,934.0
464,2021-04-29,32303857,574777,57582.0,874.0
465,2021-04-30,32362374,575637,58517.0,860.0
466,2021-05-01,32407133,576352,44759.0,715.0
467,2021-05-02,32436765,576664,29632.0,312.0
468,2021-05-03,32486709,577123,49944.0,459.0
469,2021-05-04,32527664,578030,40955.0,907.0
470,2021-05-05,32572383,578806,44719.0,776.0
471,2021-05-06,32620077,579638,47694.0,832.0
472,2021-05-07,32667570,580450,47493.0,812.0
473,2021-05-08,32701236,581054,33666.0,604.0
474,2021-05-09,32723564,581300,22328.0,246.0
475,2021-05-10,32760121,581670,36557.0,370.0
476,2021-05-11,32794162,582363,34041.0,693.0
477,2021-05-12,32829645,583211,35483.0,848.0
478,2021-05-13,32868084,583991,38439.0,780.0
479,2021-05-14,32909065,584723,40981.0,732.0
480,2021-05-15,32938115,585282,29050.0,559.0
481,2021-05-16,32954825,585574,16710.0,292.0
482,2021-05-17,32984032,585958,29207.0,384.0
483,2021-05-18,33011895,586825,27863.0,867.0
484,2021-05-19,33040689,587500,28794.0,675.0
485,2021-05-20,33070307,588154,29618.0,654.0
486,2021-05-21,33099318,588850,29011.0,696.0
487,2021-05-22,33117634,589329,18316.0,479.0
488,2021-05-23,33131784,589518,14150.0,189.0
489,2021-05-24,33157412,589935,25628.0,417.0
490,2021-05-25,33180250,590635,22838.0,700.0
491,2021-05-26,33203636,591601,23386.0,966.0
492,2021-05-27,33231383,592942,27747.0,1341.0
493,2021-05-28,33253407,593701,22024.0,759.0
494,2021-05-29,33264967,594040,11560.0,339.0
495,2021-05-30,33272409,594171,7442.0,131.0
496,2021-05-31,33277912,594321,5503.0,150.0
497,2021-06-01,33300482,594827,22570.0,506.0
498,2021-06-02,33317340,595421,16858.0,594.0
499,2021-06-03,33336811,596037,19471.0,616.0
500,2021-06-04,33312812,596176,-23999.0,139.0
501,2021-06-05,33323260,596551,10448.0,375.0
502,2021-06-06,33329413,596803,6153.0,252.0
503,2021-06-07,33348865,597139,19452.0,336.0
504,2021-06-08,33363050,597514,14185.0,375.0
505,2021-06-09,33383714,598086,20664.0,572.0
506,2021-06-10,33399513,598546,15799.0,460.0
507,2021-06-11,33416340,599063,16827.0,517.0
508,2021-06-12,33424619,599233,8279.0,170.0
509,2021-06-13,33431406,599328,6787.0,95.0
510,2021-06-14,33446525,599538,15119.0,210.0
511,2021-06-15,33458397,599990,11872.0,452.0
512,2021-06-16,33472808,600414,14411.0,424.0
513,2021-06-17,33484995,600702,12187.0,288.0
514,2021-06-18,33497695,601171,12700.0,469.0
515,2021-06-19,33505275,601340,7580.0,169.0
516,2021-06-20,33509338,601430,4063.0,90.0
517,2021-06-21,33525182,601718,15844.0,288.0
518,2021-06-22,33537943,602150,12761.0,432.0
519,2021-06-23,33551974,602548,14031.0,398.0
520,2021-06-24,33566669,602903,14695.0,355.0
521,2021-06-25,33581632,603361,14963.0,458.0
522,2021-06-26,33588423,603487,6791.0,126.0
523,2021-06-27,33592510,603583,4087.0,96.0
524,2021-06-28,33608058,603744,15548.0,161.0
525,2021-06-29,33623787,604123,15729.0,379.0
526,2021-06-30,33639764,604446,15977.0,323.0
527,2021-07-01,33704723,604693,64959.0,247.0
528,2021-07-02,33725159,604959,20436.0,266.0
529,2021-07-03,33729152,605045,3993.0,86.0
530,2021-07-04,33732074,605082,2922.0,37.0
531,2021-07-05,33736665,605123,4591.0,41.0
532,2021-07-06,33763742,605440,27077.0,317.0
533,2021-07-07,33793961,605762,30219.0,322.0
534,2021-07-08,33843194,606128,49233.0,366.0
535,2021-07-09,33878529,606535,35335.0,407.0
536,2021-07-10,33886287,606623,7758.0,88.0
537,2021-07-11,33891830,606653,5543.0,30.0
538,2021-07-12,33927213,606926,35383.0,273.0
539,2021-07-13,33970195,607358,42982.0,432.0
540,2021-07-14,34008250,607751,38055.0,393.0
541,2021-07-15,34044268,608089,36018.0,338.0
542,2021-07-16,34096492,608446,52224.0,357.0
543,2021-07-17,34108937,608529,12445.0,83.0
544,2021-07-18,34117964,608566,9027.0,37.0
545,2021-07-19,34177146,608797,59182.0,231.0
546,2021-07-20,34239257,609097,62111.0,300.0
547,2021-07-21,34299048,609494,59791.0,397.0
548,2021-07-22,34364548,609856,65500.0,362.0
549,2021-07-23,34447610,610299,83062.0,443.0
550,2021-07-24,34469200,610400,21590.0,101.0
551,2021-07-25,34483033,610449,13833.0,49.0
552,2021-07-26,34576119,610722,93086.0,273.0
553,2021-07-27,34682937,611206,106818.0,484.0
554,2021-07-28,34767898,611701,84961.0,495.0
555,2021-07-29,34866192,612104,98294.0,403.0
556,2021-07-30,34988866,612775,122674.0,671.0
557,2021-07-31,35018564,612919,29698.0,144.0
558,2021-08-01,35041458,612982,22894.0,63.0
559,2021-08-02,35177628,613440,136170.0,458.0
560,2021-08-03,35327939,614109,150311.0,669.0
561,2021-08-04,35440283,614834,112344.0,725.0
562,2021-08-05,35567255,615408,126972.0,574.0
563,2021-08-06,35735606,616257,168351.0,849.0
564,2021-08-07,35777721,616463,42115.0,206.0
565,2021-08-08,35813789,616594,36068.0,131.0
566,2021-08-09,35992480,617314,178691.0,720.0
567,2021-08-10,36154571,618363,162091.0,1049.0
568,2021-08-11,36310148,618701,155577.0,338.0
569,2021-08-12,36448857,619723,138709.0,1022.0
570,2021-08-13,36636249,620809,187392.0,1086.0
571,2021-08-14,36686066,621051,49817.0,242.0
572,2021-08-15,36729884,621228,43818.0,177.0
573,2021-08-16,36989377,622244,259493.0,1016.0
574,2021-08-17,37133674,623237,144297.0,993.0
575,2021-08-18,37298285,624365,164611.0,1128.0
576,2021-08-19,37458037,626099,159752.0,1734.0
577,2021-08-20,37657643,627631,199606.0,1532.0
578,2021-08-21,37737034,628100,79391.0,469.0
579,2021-08-22,37777607,628285,40573.0,185.0
580,2021-08-23,38043754,629644,266147.0,1359.0
581,2021-08-24,38193951,631057,150197.0,1413.0
582,2021-08-25,38364887,632522,170936.0,1465.0
583,2021-08-26,38552648,634735,187761.0,2213.0
584,2021-08-27,38748559,636509,195911.0,1774.0
585,2021-08-28,38833818,637076,85259.0,567.0
586,2021-08-29,38875976,637356,42158.0,280.0
587,2021-08-30,39156379,639081,280403.0,1725.0
588,2021-08-31,39316629,640519,160250.0,1438.0
589,2021-09-01,39527624,642454,210995.0,1935.0
590,2021-09-02,39703320,645391,175696.0,2937.0
591,2021-09-03,39894795,647370,191475.0,1979.0
592,2021-09-04,39960849,647896,66054.0,526.0
593,2021-09-05,40005266,648273,44417.0,377.0
594,2021-09-06,40082242,648788,76976.0,515.0
595,2021-09-07,40383380,651014,301138.0,2226.0
596,2021-09-08,40567569,653216,184189.0,2202.0
597,2021-09-09,40738140,656448,170571.0,3232.0
598,2021-09-10,40914456,658865,176316.0,2417.0
599,2021-09-11,40988382,659556,73926.0,691.0
600,2021-09-12,41027940,659854,39558.0,298.0
601,2021-09-13,41312998,661579,285058.0,1725.0
602,2021-09-14,41465694,664235,152696.0,2656.0
603,2021-09-15,41635889,666816,170195.0,2581.0
604,2021-09-16,41790772,670234,154883.0,3418.0
605,2021-09-17,41957710,672813,166938.0,2579.0
606,2021-09-18,42025890,673637,68180.0,824.0
607,2021-09-19,42065846,673939,39956.0,302.0
608,2021-09-20,42274012,676191,208166.0,2252.0
609,2021-09-21,42403987,678556,129975.0,2365.0
610,2021-09-22,42551480,681343,147493.0,2787.0
611,2021-09-23,42679344,684498,127864.0,3155.0
612,2021-09-24,42819355,687247,140011.0,2749.0
613,2021-09-25,42870947,687876,51592.0,629.0
614,2021-09-26,42905182,688178,34235.0,302.0
615,2021-09-27,43099971,690559,194789.0,2381.0
616,2021-09-28,43213311,692741,113340.0,2182.0
617,2021-09-29,43341823,695244,128512.0,2503.0
618,2021-09-30,43458032,697988,116209.0,2744.0
619,2021-10-01,43583808,700429,125776.0,2441.0
620,2021-10-02,43628030,701077,44222.0,648.0
621,2021-10-03,43653869,701326,25839.0,249.0
622,2021-10-04,43826566,703362,172697.0,2036.0
623,2021-10-05,43925168,705394,98602.0,2032.0
624,2021-10-06,44051123,707924,125955.0,2530.0
625,2021-10-07,44156525,710378,105402.0,2454.0
626,2021-10-08,44269451,712822,112926.0,2444.0
627,2021-10-09,44306785,713325,37334.0,503.0
628,2021-10-10,44329824,713806,23039.0,481.0
629,2021-10-11,44453504,714969,123680.0,1163.0
630,2021-10-12,44565080,717501,111576.0,2532.0
631,2021-10-13,44671637,719735,106557.0,2234.0
632,2021-10-14,44760606,721766,88969.0,2031.0
633,2021-10-15,44859166,723931,98560.0,2165.0
634,2021-10-16,44892707,724317,33541.0,386.0
635,2021-10-17,44914859,724499,22152.0,182.0
636,2021-10-18,45036892,726389,122033.0,1890.0
637,2021-10-19,45120575,728407,83683.0,2018.0
638,2021-10-20,45207197,731512,86622.0,3105.0
639,2021-10-21,45289143,733385,81946.0,1873.0
640,2021-10-22,45376439,735515,87296.0,2130.0
641,2021-10-23,45406263,735964,29824.0,449.0
642,2021-10-24,45423365,736112,17102.0,148.0
643,2021-10-25,45528926,737526,105561.0,1414.0
644,2021-10-26,45616349,739259,87423.0,1733.0
645,2021-10-27,45710893,741277,94544.0,2018.0
646,2021-10-28,45797078,743050,86185.0,1773.0
647,2021-10-29,45885801,745075,88723.0,2025.0
648,2021-10-30,45915212,745378,29411.0,303.0
649,2021-10-31,45934095,745535,18883.0,157.0
650,2021-11-01,46058665,746688,124570.0,1153.0
651,2021-11-02,46135608,748197,76943.0,1509.0
652,2021-11-03,46220452,750077,84844.0,1880.0
653,2021-11-04,46303539,751203,83087.0,1126.0
654,2021-11-05,46395307,753517,91768.0,2314.0
655,2021-11-06,46427246,753919,31939.0,402.0
656,2021-11-07,46449331,754051,22085.0,132.0
657,2021-11-08,46575792,755273,126461.0,1222.0
658,2021-11-09,46658771,756951,82979.0,1678.0
659,2021-11-10,46757833,758588,99062.0,1637.0
660,2021-11-11,46822434,759310,64601.0,722.0
661,2021-11-12,46951785,761374,129351.0,2064.0
662,2021-11-13,47013182,761838,61397.0,464.0
663,2021-11-14,47036791,761980,23609.0,142.0
664,2021-11-15,47185415,763178,148624.0,1198.0
665,2021-11-16,47275900,764603,90485.0,1425.0
666,2021-11-17,47390257,766206,114357.0,1603.0
667,2021-11-18,47500530,769434,110273.0,3228.0
668,2021-11-19,47620178,771430,119648.0,1996.0
669,2021-11-20,47661242,771745,41064.0,315.0
670,2021-11-21,47692614,771871,31372.0,126.0
671,2021-11-22,47851512,773106,158898.0,1235.0
672,2021-11-23,47944283,774580,92771.0,1474.0
673,2021-11-24,48064175,776197,119892.0,1617.0
674,2021-11-25,48095028,776574,30853.0,377.0
675,2021-11-26,48146553,777118,51525.0,544.0
676,2021-11-27,48171232,777310,24679.0,192.0
677,2021-11-28,48195182,777417,23950.0,107.0
678,2021-11-29,48411494,779293,216312.0,1876.0
679,2021-11-30,48520788,780848,109294.0,1555.0
680,2021-12-01,48660103,782814,139315.0,1966.0
681,2021-12-02,48798815,784164,138712.0,1350.0
682,2021-12-03,48952060,786313,153245.0,2149.0
683,2021-12-04,49010204,786803,58144.0,490.0
684,2021-12-05,49044777,786964,34573.0,161.0
685,2021-12-06,49242221,788315,197444.0,1351.0
686,2021-12-07,49356218,790082,113997.0,1767.0
687,2021-12-08,49505263,791933,149045.0,1851.0
688,2021-12-09,49628768,793227,123505.0,1294.0
689,2021-12-10,49793830,795314,165062.0,2087.0
690,2021-12-11,49845175,795727,51345.0,413.0
691,2021-12-12,49881531,795922,36356.0,195.0
692,2021-12-13,50084414,797214,202883.0,1292.0
693,2021-12-14,50201273,798945,116859.0,1731.0
694,2021-12-15,50346549,801037,145276.0,2092.0
695,2021-12-16,50492868,802196,146319.0,1159.0
696,2021-12-17,50662843,804267,169975.0,2071.0
697,2021-12-18,50738676,804758,75833.0,491.0
698,2021-12-19,50811155,804916,72479.0,158.0
699,2021-12-20,51114054,806336,302899.0,1420.0
700,2021-12-21,51303525,808421,189471.0,2085.0
701,2021-12-22,51547217,810503,243692.0,2082.0
702,2021-12-23,51812432,813790,265215.0,3287.0
703,2021-12-24,51996357,814792,183925.0,1002.0
704,2021-12-25,52054705,814891,58348.0,99.0
705,2021-12-26,52244419,814970,189714.0,79.0
706,2021-12-27,52787959,816707,543540.0,1737.0
707,2021-12-28,53168671,819201,380712.0,2494.0
708,2021-12-29,53657735,821302,489064.0,2101.0
709,2021-12-30,54242790,822722,585055.0,1420.0
710,2021-12-31,54689357,823917,446567.0,1195.0
711,2022-01-01,54850417,824190,161060.0,273.0
712,2022-01-02,55137054,824422,286637.0,232.0
713,2022-01-03,56155989,826070,1018935.0,1648.0
714,2022-01-04,57041530,828436,885541.0,2366.0
